{"cameraMode":{"drawMode":0,"name":"Shaded","section":"Shading Mode"},"sceneLighting":false,"audioPlay":false,"sceneViewState":{"showFog":true,"showMaterialUpdate":false,"showSkybox":false,"showFlares":true,"showImageEffects":true,"showParticleSystems":true},"in2DMode":false,"pivot":{"x":0.0,"y":56.804954528808597,"z":-0.6500015258789063},"rotation":{"x":0.05260343849658966,"y":-0.6448937654495239,"z":0.04456838220357895,"w":0.7611561417579651},"size":338.5472412109375,"orthographic":true}